cycle,timestamp,timestamp_str,image_file,action,reasoning
1,2025-07-03T16:20:11.776254,20250703_162008_763,cycle_001_20250703_162008_763.jpg,4,"Okay, let's analyze the image.  **Observations:**  The image shows an indoor environment, likely an office space. There's a desk with items on it to the left, a cardboard box in the middle, and a trash can on the right. The background appears to be a wall of windows, suggesting the source of sunlight. The windows seem very bright, indicating high sunlight intensity. Based on the brightness, the maximum sunlight location is likely somewhere near the windows.  **Reasoning:**  Since the goal is to navigate to the nearest maximum sunlight location, I need to move towards the windows. The windows are the brightest area in the image, suggesting they are the primary source of sunlight. Given the positions of the objects in the room, the sunlight would likely be more intense near the right side of the image where the trash can is positioned relative to the window.  **Action Selection:**  Looking at the red lines, actions 0, 4, and 5 lead towards the window on the right side of the image. Given that I cannot pass through the trash can object, the best action would be to move towards area 4. Moving to position 4 will get the robot closer to the light source coming from the window without having to go through the object in the way.  **Final Answer:**  ```json {'action': 4} ```"
2,2025-07-03T16:20:18.996342,20250703_162015_586,cycle_002_20250703_162015_586.jpg,4,"Okay, here's my analysis of the image and my chosen action:  **Observations:**  The image shows an indoor environment, likely an office or a similar space. There are large windows letting in a significant amount of sunlight, suggesting that maximizing sun exposure is possible. I can see a trash can in the middle of the image. The floor is carpeted. The brightest areas appear to be near the windows. The windows are to my right, forward and left.  **Leads on Finding Max Sunlight:**  Based on my observations, the most promising areas for finding the maximum sunlight location are near the windows. I need to move towards them.  **General Direction:**  Given that the brightest areas are near the windows, I should generally move to the right.  **Action Selection:**  *   Action 0 is blocked by the wall. *   Action 1 moves to the left, away from the light. *   Action 2 moves closer to the trash can *   Action 3 moves forward *   Action 4 moves to the right, which aligns with my goal of getting closer to the window. *   Action 5 moves to the right but not towards the sun  Therefore, Action 4 is the best choice to get closer to the apparent light.  **Final Answer:** ```json {'action': 4} ```"
3,2025-07-03T16:20:29.726632,20250703_162026_013,cycle_003_20250703_162026_013.jpg,1,"Okay, here's my analysis of the scene and my chosen action:  **Scene Description:**  I am currently in a room with a large window on the left side. The window has blinds that are partially open, allowing sunlight to enter. A large, cylindrical pillar is situated in the middle ground of the scene. There is a person sitting in a large blue bin (which I initially thought was a chair) obscuring some of the background. The person is holding a tablet or similar device in front of their face. A desk is visible on the right side of the image. The floor is carpeted.  **Leads on Max Sunlight Location:**  The most obvious source of sunlight is the window on the left. The intensity of the light coming through the window suggests this is the area where I would find maximum sunlight.  **General Direction:**  Based on the scene, I need to move towards the left, in the direction of the window.  **Action Selection:**  Considering the labeled actions (red lines), I need to determine which action will take me closest to the window. Action 1 seems to be the closest to the window, and would move me in the correct direction.  **Final Answer:**  ```json {""action"": 1} ```"
5,2025-07-03T16:20:55.094518,20250703_162051_681,cycle_005_20250703_162051_681.jpg,3,"Okay, here's my analysis of the scene and my chosen action:  **Scene Understanding:**  I see a bright, indoor space with several large windows letting in a lot of sunlight. There's a trash can on the left side of the image. The floor is covered in carpet. There is a wall segment to the right, with a possible opening/doorway. The overall scene is very bright due to the sunlight streaming in from the windows.  **Finding the Max Sunlight Location:**  My goal is to maximize sunlight exposure for my solar panel. Given the scene's high brightness, it is safe to assume that the MAX SUNLIGHT LOCATION is coming from one of the windows. The windows are at locations 1, 2, 3, 4, and 5.  **General Direction:**  Based on the image, the sunlight seems to be coming from locations 1, 2, 3, 4, and 5. Thus I must decide between going towards 1, 2, 3, 4 or 5.  **Action Selection:**  The best action would be to go to location 3, since that is in the middle of the other possible actions to take, and is most likely facing the brightest window, or location 2, if I want to get closer to the windows on the left. I see a little bit of a clearer view of the window facing the direction 3 is pointing.  **Final Answer:**  {'action': 3}"
6,2025-07-03T16:20:59.809627,20250703_162056_699,cycle_006_20250703_162056_699.jpg,3,"Okay, here's my analysis of the image and the best action to take:  **Image Analysis:**  The image shows an indoor space, likely an office or commercial building. There are large windows letting in a lot of sunlight. The floor is carpeted. I can see some objects that look like desks or cubicle partitions in the background. The lighting is very bright near the windows.  **Finding the Max Sunlight Location:**  Based on the image, the max sunlight location is most likely near the windows. The windows are the primary source of light, so getting closer to them will increase my solar panel's exposure.  **General Direction:**  I should move towards the windows to maximize sunlight exposure.  **Action Selection:**  I need to choose the action that moves me closest to the windows. Looking at the red lines, actions 3 and 4 appear to move me directly towards bright areas near the windows. Action 3 looks like it moves me the most directly towards the center window, I would therefore prefer that one.  **Final Answer:**  {'action': 3} "
7,2025-07-03T16:21:03.922829,20250703_162101_314,cycle_007_20250703_162101_314.jpg,3,"Okay, here's my analysis of the situation:  **Observation:**  The image shows an indoor space with large windows letting in a lot of sunlight. The floor is covered with a speckled carpet. There's a vertical object that looks like part of the wall or a vertical window frame on the right side, where there is location 0. The majority of the space is illuminated by sunlight.  **Leads on Finding Max Sunlight Location:**  The most sunlight appears to be coming in through the windows, specifically in the areas near location 3. The location 1 and 2 might also offer some exposure, but locations 4 and 5 seem to be more shaded.  **General Direction:**  Based on the sunlight, I should move towards the area in front of location 3 in order to get the maximum amount of light exposure.  **Action Selection:**  Action 3 will take me directly to the bright area in front of the window.  **Final Answer:** ```json {'action': 3} ```"
8,2025-07-03T16:21:07.837574,20250703_162105_528,cycle_008_20250703_162105_528.jpg,3,"Okay, I am a Survival Robot with a solar panel and an RGB image sensor. I need to navigate to the location with the most sunlight.  My observation shows a room with large windows, indicating potential sunlight. Points 0, 3, and 4 are near the windows, which are likely locations of higher sunlight intensity. Point 1 and 2 are further from windows. There is wiring in the area near Point 0. Given my objective to maximize solar energy, locations closer to the windows are preferable.  Based on the image, point 3 appears to be the closest location to the direct sunlight coming through the windows.  Therefore, the best action to take is action 3.  {'action': 3}"
9,2025-07-03T16:21:12.252303,20250703_162041_255,cycle_004_20250703_162041_255.jpg,3,"Okay, here's my analysis of the scene and my chosen action:  **Scene Understanding:**  The image shows an indoor environment, likely an office or similar space.  There are large windows letting in sunlight. The floor is carpeted.  I see a trash can on the left of the image. There is a door on the right side, and it is open. The brightness from the windows suggests that the sunlight is coming in from the direction of points 3 and 4.  **Finding Max Sunlight Location:**  Based on the sensor data, it is apparent the direction that is closer to the window will provide the best location to gather sunlight.  **Direction:**  The general direction I should go in is towards the windows.  **Action Selection:**  Considering the need to avoid obstacles and get closer to the windows, action 3 has the most sunlight available. Action 4 also has a lot of sunlight, but based on the location of the camera, action 3 appears to have more sunlight.  **Final Answer:**  ```json {'action': 3} ```"
10,2025-07-03T16:21:16.466246,20250703_162113_756,cycle_010_20250703_162113_756.jpg,3,"Okay, let's analyze the image to find the best action for maximizing sunlight exposure.  **Observations:**  The image shows a room with what appears to be large windows, indicated by bright light and visible frames. The carpeted floor and the presence of a window sill and baseboard along the wall with the window are notable. The bright light emanating from the windows is a strong indicator of potential sunlight. The numbers 1, 2, 3, 4, and 5 mark possible locations to move to. The location ""0"" appears to be blocked by the window and wall.  **Reasoning:**  My primary goal is to find the maximum sunlight. The windows are the most likely source of sunlight in this environment. I should move towards the window to maximize sunlight exposure. From the current perspective, location ""3"" seems to be the closest and most promising position aligned with the light source.  **Action Selection:**  Action 3 appears to be the best choice as it leads directly towards the brightest window and a potential area with higher sunlight.  **Final Answer:** ```json {'action': 3} ```"
11,2025-07-03T16:21:20.881929,20250703_162117_972,cycle_011_20250703_162117_972.jpg,3,"Okay, here's my analysis of the image and my chosen action:  **Sensor Observation:**  The image shows an interior space with a carpeted floor and large windows. The windows appear to be the primary source of illumination. The space is brightly lit, with what appears to be strong sunlight streaming in through the windows. I can see the window frames and the wall below them. The area looks like it is at least partially filled with light. I don't see any immediately obvious obstacles other than the walls. The carpet is patterned and looks like a uniform surface.  **Finding the MAX SUNLIGHT LOCATION:**  Based on my prior knowledge, sunlight enters through windows. The brightest areas in the image likely correspond to areas receiving direct sunlight. Looking at the image, the area near window with label 3 appears to be the brightest. Action 3 is therefore the most likely candidate for getting to the MAX SUNLIGHT LOCATION.  **General Direction:**  I should head towards the windows where sunlight is coming from, or towards the label 3.  **Action Selection:**  Based on the above analysis, moving towards location 3 is the best choice, as it should lead me closer to the maximum sunlight exposure.  **Answer:** ```json {'action': 3} ```"
12,2025-07-03T16:21:25.599462,20250703_162122_387,cycle_012_20250703_162122_387.jpg,3,"Okay, here's my analysis of the scene and the best action to take:  **Scene Understanding:**  The image shows an indoor environment, likely a room with carpeted floor. There are two windows visible, both emitting bright light, which I interpret as sunlight. Window 0 is closed. The general direction of the sunlight seems to be coming from Windows 2 and 3.  **Finding Max Sunlight Location:**  My goal is to find the location with the most sunlight. Based on my observation, the light appears brightest near Windows 2 and 3.   **General Direction:**  Based on these deductions, the optimal direction to go in is towards the center of the room.  **Action Selection:**  *   Actions 1, 2 are going away from the general source of sunlight. *   Actions 4, 5 are going away from the general source of sunlight. *   Action 0 goes straight to a closed window. *   Action 3 is the most reasonable choice, as it leads towards the center of the room.  **Final Answer:** ```json {'action': 3} ```"
13,2025-07-03T16:21:30.915015,20250703_162127_203,cycle_013_20250703_162127_203.jpg,3,"Okay, here's my analysis of the image and the decision-making process for the Survival Robot:  **Image Description:**  The image shows an indoor scene, likely a room with windows.  I can see:  *   **Windows:** There are windows in front of me, suggesting a potential source of sunlight. They appear to be letting in a significant amount of light. *   **Floor:** The floor is carpeted. *   **Walls:** I can discern walls along the side and behind the windows. *   **Potential Obstacles:** There seems to be some structure (possibly a ledge or a baseboard) running along the bottom of the windows. *   **Red Lines:** These indicate the potential actions I can take, moving me towards different locations in the room.  **Finding the Max Sunlight Location:**  Based on my prior knowledge, windows are the most likely source of sunlight in an indoor environment. The fact that the areas near the windows are brighter in the image confirms this. The windows are likely to be the maximum sunlight location.  **General Direction:**  To maximize sunlight exposure, I should move towards the windows.  **Action Selection:**  Looking at the red lines, the lines numbered '2', '3' and '4' point most directly toward the windows. The line '3' is the most centered, and will probably take me closest to the base of the window structure, while remaining safely on the floor. The lines '2' and '4' are slightly to the left or right, respectively.  **Final Answer:**  ```json {""action"": 3} ```"
14,2025-07-03T16:21:35.129626,20250703_162132_520,cycle_014_20250703_162132_520.jpg,3,"Okay, I am an Survival Robot with a solar panel and an RGB image sensor. I need to find the location with maximum sunlight and move towards it.  Here's what I see:  The image shows an interior space, likely a room. I can see a window with bright sunlight shining through it. The carpet on the floor is light gray, and there's a wall with a baseboard along the bottom. There are also other features such as a window sill.  The sunlight is my key to survival. The strongest light appears to be coming from the window.  Based on this, I need to move towards the window to maximize my solar panel exposure. The window is straight ahead of me and slightly to the right. Therefore, I should proceed forward.  Action 3 would move me directly forward towards the window.  Therefore, the best action to take is action 3.  {'action': 3} "
15,2025-07-03T16:21:39.741439,20250703_162136_733,cycle_015_20250703_162136_733.jpg,3,"Okay, here's my analysis of the scene and my decision-making process:  **Sensor Observation:**  I am in a room with a window. The window appears to be letting in a good amount of sunlight, indicated by the bright areas visible through the glass. There's a sill below the window, where I can see some objects sitting. The floor is covered with carpet. There are 6 potential action locations marked with red lines.  **Finding Max Sunlight Location:**  Based on my prior knowledge, the brightest area in the image is likely to be the area closest to the window. Sunlight is streaming in through the window. I can see that actions numbered 0, 3, and 4 are the closest to the window.  **General Direction:**  I should move towards the window.  **Action Selection:**  Based on the image, actions 0, 3, and 4 will move me closer to the window. Action 3 puts me right below the windowsill, action 0 is on the other side of the window. Action 4 moves me towards the window as well, therefore action 3 seems like the best option.  **Final Answer:** ```json {'action': 3} ```"
16,2025-07-03T16:21:43.954550,20250703_162141_346,cycle_016_20250703_162141_346.jpg,3,"Okay, I'm assessing the scene. My RGB sensor shows a view with a large window dominating the upper portion. The window appears to be letting in a lot of bright light, which is a good sign.  There's some kind of object, possibly a box or packaging material, sitting on the windowsill near the left side of the window. The lower part of the image shows what seems to be a wall or a baseboard, and the floor appears to be carpeted.  Since my objective is to reach the location with maximum sunlight, the window is the most likely source. I need to get closer to the window.  Looking at the action lines, I need to move towards the window, and ideally, closer to the center where the sunlight is most likely to be strongest. Action 3 seems to be pointing directly towards the center of the window. Action 0 is a potential sun-location but a little far away and on the side  Therefore, action 3 appears to be the best option.  {'action': 3}"
17,2025-07-03T16:21:48.168563,20250703_162145_360,cycle_017_20250703_162145_360.jpg,3,"Okay, I am a Survival Robot with a solar panel and an RGB image sensor. My task is to find the location with maximum sunlight.  Based on my observation, I see a window with a lot of bright light coming through. This suggests that the location with the most sunlight is near the window. I also see that the areas marked 0, 3 and 4 are also window areas. 0 and 4 seem to have a lower window area that seems like 3.  The general direction I should go in is towards the window.  Action 3 brings me closer to the window and likely the maximum sunlight location.  {'action': 3}"
