cycle,timestamp,timestamp_str,image_file,action,distance_scale,stop_certainty,reasoning
1,2025-07-04T15:14:05.113058,20250704_151401_883,cycle_001_20250704_151401_883.jpg,5,0.51,0.15,"Okay, here's my analysis of the scene and the best action to take:  **Scene Description:**  The image shows a room with a carpeted floor and large windows along one wall. It appears to be daytime, and the sun is shining brightly through the windows. I can see a desk with some objects on it to the left, a trash can in the middle, and what appears to be a doorway or opening to the right of the trash can. The sunlight seems to be most intense near the windows.  **Finding the Max Sunlight Location:**  Based on my prior knowledge and the image, the max sunlight location is going to be near or directly in front of the windows. Specifically, I want to look for areas with the least obstruction and direct sunlight.  **General Direction:**  The sunlight appears to be strongest towards the right side of the image, near location 0.  **Best Action:**  Given the options, action 5 seems to be the best.  **Reasoning:** Action 5 moves closest to location 0, where the windows are located.  **Final Answer:** ```json {""action"": 5} ```"
2,2025-07-04T15:14:12.348852,20250704_151409_424,cycle_002_20250704_151409_424.jpg,1,0.43,0.13,"Okay, I'm ready to analyze the image and determine the best action.  **Image Description:**  The image shows an indoor environment, likely an office space. A person is sitting in an office chair, holding a tablet. A blue recycling bin is visible on the left side of the image. There are windows in the background, suggesting an external light source. The floor is covered with a gray carpet.  **Finding Max Sunlight Location:**  Given the presence of windows, the area closest to the windows is likely to have the most sunlight. The windows are at the back left of the image.  **Direction:**  Based on the location of the windows, I should move towards the back and left of the image to maximize exposure to sunlight.  **Action Selection:**  Considering the directions of the red lines and the need to move towards the back and left, action 1 seems to be the most appropriate.  **Final Answer:** ```json {'action': 1} ```"
3,2025-07-04T15:14:19.287151,20250704_151416_561,cycle_003_20250704_151416_561.jpg,5,0.48,0.15,"Okay, I've analyzed the image.  **Observation:**  I'm in a room with what appears to be carpeted flooring. There are large windows in front of me, allowing a significant amount of sunlight to enter. There is a large trash can in the left part of the image. The windows appear to be letting in a substantial amount of light, particularly towards the right side of the image. I can see a blue geometric pattern on the floor towards the right side of the view.  **Analysis & Reasoning:**  My objective is to find the location with maximum sunlight. Based on the image, the sunlight seems to be strongest coming from the windows on the right side of the image.    Therefore, I need to move towards the right side of the image.  **Action Selection:**  Actions 4 and 5 both move towards the right side. Action 5 is slightly more angled towards the brighter area.  **Final Answer:** {'action': 5}"
4,2025-07-04T15:14:26.120179,20250704_151423_394,cycle_004_20250704_151423_394.jpg,1,0.49,0.16,"Okay, here's my assessment of the situation:  **Observations:**  The image shows an indoor scene. I can see a window on the left side of the image which seems to be a source of sunlight. There is a trash can and a chair in the image. The floor is carpeted.  **Reasoning:**  My primary goal is to find the location with the most sunlight. Based on my understanding of typical environments, windows are the most likely sources of sunlight indoors. The window in the image seems to be the primary source. Therefore, I need to navigate towards the window.  Analyzing the action lines:  *   Lines 1 and 2 will get me closer to the window and potentially towards the sunlight coming in. *   Lines 3, 4, and 5 lead away from the window and towards the chair.  **Decision:**  I need to move towards the window. Action line 1 seems to be the best direction to get closer to the window.  **Final Answer:** ```json {'action': 1} ```"
5,2025-07-04T15:14:33.253778,20250704_151430_528,cycle_005_20250704_151430_528.jpg,5,0.49,0.15,"Okay, here's my analysis of the scene and my chosen action:  **Observation:**  The image shows an indoor space, likely an office or similar environment.  There is a large window to my right, which seems to be the primary light source. There are large windows in front of me as well. The floor is carpeted, and I can see some kind of blue markings on it. There is a location marked with 0 which seems to be where the most sunlight is coming from.  **Reasoning:**  My objective is to maximize sunlight exposure for my solar panel. Based on the image, the strongest source of light appears to be coming from the right, where location 0 is marked. So, I need to move towards the right.  Considering the actions presented as red lines:  *   Actions 1 and 2 would move me to the left, away from the light source. *   Action 3 would move me directly forward. *   Actions 4 and 5 move towards the right, and thus towards the sunlight  **Action Selection:**  The best action is to move towards the right, to go to the most sunlight possible. Out of the available actions, action 5 seems to be the direction to go to the right to get as close as possible to location 0.  **Answer:** ```json {'action': 5} ```"
6,2025-07-04T15:14:39.485719,20250704_151437_162,cycle_006_20250704_151437_162.jpg,3,0.44,0.15,"Okay, here's my analysis of the scene and my decision on the best action:  **Scene Understanding:**  I see a blue recycling bin on the left side of the image. Behind it is a window with blinds, which is likely a source of sunlight. To the right, there's a wall with an electrical outlet. I'm in a room with carpeted flooring. The window behind the recycling bin is most likely the max sunlight location.  **Reasoning:**  I want to move towards the window with the blinds, as that's the probable location of maximum sunlight. Looking at the potential actions, actions 1, 2, and 3 all lead towards the window. However, since the recycling bin is blocking the way, I will go straight to action 3.   **Decision:**  {'action': 3}"
7,2025-07-04T15:14:43.914950,20250704_151441_390,cycle_007_20250704_151441_390.jpg,3,0.48,0.16,"Okay, let's analyze the image.  **Observations:**  The image shows a room with a recycling bin on the left, a window straight ahead, and a wall on the right. The window seems to be the source of sunlight. I can see an electrical outlet and some pipes on the wall to the right of the window. The floor appears to be carpeted.  **Finding the MAX SUNLIGHT LOCATION:**  The most promising location for sunlight is the window directly in front. There's also potentially some sunlight reflecting off the wall to the right of the window, but the intensity would likely be lower.  **General Direction:**  The general direction to go in is straight ahead towards the window (towards point 3).  **Best Action:**  The best action to achieve this is action 3, as it points directly towards the window.  **Final Answer:**  {'action': 3} "
8,2025-07-04T15:14:48.044267,20250704_151445_919,cycle_008_20250704_151445_919.jpg,3,0.51,0.16,"I see a room with a window covered by a white blind. There is a wall to the right of the window with electrical outlets. The carpet appears to be gray.  The most likely location for maximum sunlight would be directly in front of the window.  I should move straight ahead, towards the window. Action 3 points towards the window.  {'action': 3}"
9,2025-07-04T15:14:52.573841,20250704_151450_049,cycle_009_20250704_151450_049.jpg,0,0.48,0.16,"Okay, I've analyzed the image.  Here's what I see:  *   The majority of the image is a white wall. *   There is a dark area beneath the wall, which appears to be the floor. *   There is a horizontal gray object between the wall and the floor, which may be a window sill or some sort of baseboard. *   There are also some cables on the floor.  Regarding finding the MAX SUNLIGHT LOCATION:  *   The white wall suggests that the location is near the window. *   The floor is darker, indicating that the sunlight is obstructed from reaching that area. *   The MAX SUNLIGHT LOCATION is likely near the wall.  Given the potential actions indicated by the red lines, I need to move toward the wall. Action '0' is closest to the source of the most sunlight.  Therefore, the best action is to move toward '0'.  {'action': 0}"
10,2025-07-04T15:15:05.822835,20250704_151502_699,cycle_010_20250704_151502_699.jpg,2,0.5,0.15,"Okay, here's my analysis of the scene and my chosen action:  **Scene Description:**  The image shows an interior room. There are windows on the left and what appears to be a wall on the right. The windows seem to be letting in a lot of sunlight. The floor is covered with a carpet. There are 6 action choices marked with circles and labeled 0-5.  **Reasoning for Choosing Direction:**  My goal is to find the location with the most sunlight. Based on the image, the sunlight is coming from the windows on the left. Therefore, I should move towards the left side of the image to get closer to the windows.  **Action Selection:**  I will evaluate the proposed actions based on how well they satisfy moving in the general direction of the window:  *   Action 0, 3, 4: These actions are on the side and away from windows. *   Action 5: This action moves to the right, away from the windows and sunlight. *   Action 1, 2: These actions move toward the direction of window, so they are good choices.  Since I cannot see the exact values for location light intensity, I will choose to move to the nearest location which is action 2.  **Final Answer:**  ```json {'action': 2} ```"
11,2025-07-04T15:15:12.356346,20250704_151509_431,cycle_011_20250704_151509_431.jpg,5,0.49,0.15,"Okay, here's my analysis of the scene and my planned action:  **Scene Description:**  The image shows an interior space, likely a room with carpeted floor. There is a large window on the left and what appears to be another window or a bright wall on the right. The overall lighting is quite bright, suggesting strong sunlight is present.  A cardboard box can be seen to the right of point 0.  **Finding Max Sunlight Location:**  Given that I'm seeking maximum sunlight, the windows are the most likely source. The right side of the image seems to have a lot of light coming in. Therefore, I will focus on moving towards the right.  **General Direction:**  The general direction I should move is to the right.  **Action Selection:**  Looking at the superimposed red lines, actions 4 and 5 seem to move in the right direction. I'll select action 5, as it points further towards the light.  **Final Answer:** ```json {""action"": 5} ```"
12,2025-07-04T15:15:18.792169,20250704_151516_368,cycle_012_20250704_151516_368.jpg,3,0.47,0.14,"Okay, here's my analysis of the situation:  **Sensor Observation:**  I see an indoor scene, likely near a window.  There is a window with a partially lowered blind/shade.  The window is the primary source of light. The brightness of the light indicates that location 0 could be the area with the most sunlight. Points 1, 2, 3, 4, and 5 are placed on a surface that appears to be below the window.  **Finding the Max Sunlight Location:**  The most direct path toward the sunlit window is the best strategy.  **General Direction:**  I need to move in the general direction of the sunlit window. Based on the image, this means I should try to move directly toward location 3, but also location 0, as the sun is probably coming from this direction.  **Action Selection:**  Action 3 seems like a straight path that potentially gets me closest to the window.  **Final Answer:** ```json {""action"": 3} ```"
13,2025-07-04T15:15:22.519044,20250704_151520_395,cycle_013_20250704_151520_395.jpg,5,0.42,0.14,"Okay, I see a bright, diffuse area that likely represents sunlight coming through a window. There are a few potential spots where the light is strongest. Based on the image, the brightest area appears to be toward the upper right corner, near point 0.  My goal is to get closer to the brightest sunlight location.  The general direction I should go in is right.  Looking at the red lines, action 5 looks like it would move me closest to the upper right where the sunlight appears strongest.  {'action': 5}"
14,2025-07-04T15:15:32.262194,20250704_151528_836,cycle_014_20250704_151528_836.jpg,5,0.51,0.16,"Okay, here's my analysis of the situation and my chosen action.  **Observation:**  I am on what appears to be a carpeted floor next to a wall with a window. There's a black power cord on the floor, and a stepladder is visible in the background near the window. The lighting is brightest near the window, indicating that's likely the direction of the sun.  **Reasoning:**  My goal is to reach the location with the most sunlight. Since the sunlight is coming through the window, I need to move in that direction.  The window is to my right based on my current perspective.  Looking at the available actions, actions 4 and 5 will make me go in the general direction of the sunlight. 5 seems like the most immediate option.  **Decision:**  {'action': 5} "
